テストID	大分類	中分類	テストケース名	対象画面ID	前提条件	テスト手順	期待結果	証跡タイミング
TC-B001	現物買	銘柄検索	銘柄コード入力による銘柄検索	E021／E022	・ログイン済み
・現物買メニューが表示されている	1. 株式取引トップ（ETK001）から「現物買」を選択する
2. 銘柄検索入力（E021）が表示されていることを確認する
3. 銘柄コード「7203」を入力し検索ボタンをクリックする
4. 銘柄検索結果（E022）に結果が表示されることを確認する	・E021 が正常表示される（URL・タイトル・銘柄コード入力欄を確認）
・検索結果（E022）に銘柄名「トヨタ自動車」・コード・市場・株価が表示される
・銘柄選択後、買付注文入力（E023）に遷移する	【前】E021 表示時スクリーンショット
【後】E022 表示後スクリーンショット・ブラウザコンソールログ
TC-B002	現物買	銘柄検索	銘柄名による銘柄検索（部分一致）	E021／E022	・ログイン済み
・E021 が表示されている	1. 銘柄名「トヨタ」を入力し検索ボタンをクリックする
2. 銘柄検索結果（E022）を確認する	・「トヨタ」を含む銘柄が一覧表示される
・件数が正しく表示される	【前】E021 スクリーンショット
【後】E022 スクリーンショット
TC-B003	現物買	銘柄検索	存在しない銘柄コードで検索（異常系）	E021	・ログイン済み
・E021 が表示されている	1. 存在しない銘柄コード「9999999」を入力し検索ボタンをクリックする	・「該当銘柄が見つかりません」等のエラーメッセージが表示される
・E021 画面にとどまる
・画面遷移は発生しない	【後】エラーメッセージ表示のスクリーンショット
TC-B004	現物買	注文入力	買付注文入力（指値・特定口座）	E023／E024	・ログイン済み
・銘柄選択済み（例：7203）
・買付余力が注文額以上存在する	1. 買付注文入力（E023）を表示する
2. 注文種別「指値」を選択する
3. 数量「100」・価格「2000」を入力する
4. 口座区分「特定」を選択する
5. 確認ボタンをクリックする	・E023 が正常表示される（買付可能額・銘柄名・コードが表示される）
・E024（買付注文確認）に遷移し入力内容が正しく引き継がれる
・注文種別・数量・価格・口座区分がすべて表示される	【前】E023 スクリーンショット
【後】E024 スクリーンショット・パラメータ引き渡し確認
TC-B005	現物買	注文入力	買付注文入力（成行・NISA口座）	E023／E024	・ログイン済み
・NISA 口座あり
・銘柄選択済み	1. 注文種別「成行」を選択する
2. 数量「10」を入力する
3. 口座区分「NISA」を選択する
4. 確認ボタンをクリックする	・NISA 枠残高が表示される
・成行注文として E024 に引き継がれる	【前】E023 スクリーンショット
【後】E024 スクリーンショット
TC-B006	現物買	注文入力	買付余力超過注文（異常系）	E023	・ログイン済み
・銘柄選択済み
・買付余力が限られている	1. 買付注文入力（E023）を表示する
2. 買付余力を超える数量・金額を入力する
3. 確認ボタンをクリックする	・適切なエラーメッセージが表示される（「買付余力が不足しています」等）
・E023 にとどまる	【後】エラーメッセージスクリーンショット
TC-B007	現物買	注文確認	買付注文確認→発注	E024／E025	・E024 が表示されている	1. 注文内容（銘柄・数量・価格・注文種別・口座区分）を確認する
2. 発注ボタンをクリックする
3. 買付注文完了（E025）が表示されることを確認する	・E025 に注文受付番号が表示される
・注文照会（E011）へのリンクが存在する
・「続けて現物買注文」リンクが存在する	【前】E024 スクリーンショット
【後】E025 スクリーンショット（受付番号含む）・サーバーログ
TC-B008	現物買	注文完了	買付注文完了→注文照会遷移	E025→E011	・E025 が表示されている	1. 「注文照会」リンクをクリックする
2. E011 に遷移することを確認する
3. 発注した注文が一覧に表示されることを確認する	・E011（株式注文照会）に正常遷移する
・発注した注文がステータス「受付」または「執行中」で表示される	【後】E011 スクリーンショット・URLパス確認
TC-B009	現物買	MRP	MRP確認画面省略モードで買付注文	EMRP023／EMRP024／EMRP025	・ログイン済み
・MRP 利用設定あり
・銘柄選択済み	1. EMRP023（買付注文入力MRP）を表示する
2. 注文内容を入力する
3. 確認画面省略で直接発注する	・確認画面省略モードで正常に発注できる
・EMRP025（完了）に遷移する	【前】EMRP023 スクリーンショット
【後】EMRP025 スクリーンショット
TC-B010	現物買	条件付注文	条件付注文（現物買）の入力と発注	ETK160A／ETK160B／ETK160D	・ログイン済み
・条件付注文利用可能	1. ETK160A（条件付注文買付注文入力）を表示する
2. トリガー価格・発注価格・数量を入力する
3. ETK160B（確認）を経て ETK160D（完了）に遷移することを確認する	・条件付注文が正常に受け付けられる
・E011 注文照会に「条件付」注文として表示される	【前】ETK160A スクリーンショット
【後】ETK160D スクリーンショット
TC-B011	現物買	リバース注文	リバース注文（現物買）の入力と発注	ETK174A／ETK174B／ETK174D	・ログイン済み
・リバース注文利用可能	1. ETK174A（リバース注文買付注文入力）を表示する
2. 条件を設定して発注する	・リバース注文が正常に受け付けられる
・ETK174D（完了）が表示される	【前】ETK174A スクリーンショット
【後】ETK174D スクリーンショット
TC-B012	現物買	単元未満株買付	単元未満株買付注文入力と確認完了	E026／E027／E028	・ログイン済み
・ワン株（単元未満株）取引可能	1. 単元未満株買付注文入力（E026）を表示する
2. 銘柄・数量を入力して確認ボタンをクリックする
3. E027（確認）→E028（完了）の遷移を確認する	・E026 が正常表示される
・E028 に注文受付番号が表示される	【前】E026 スクリーンショット
【後】E028 スクリーンショット
テストID	大分類	中分類	テストケース名	対象画面ID	前提条件	テスト手順	期待結果	証跡タイミング
TC-S001	現物売	銘柄選択	保有銘柄一覧からの売付起動	E031→E032	・ログイン済み
・保有銘柄が1件以上存在する	1. 保有銘柄一覧（E031）を表示する
2. 保有数量・評価額・損益が正しく表示されることを確認する
3. 任意の銘柄の「売る」をクリックする
4. 売付注文入力（E032）に遷移することを確認する	・E031 が正常表示される（URL・保有残高データ含む）
・「売る」クリックで E032 に遷移する	【前】E031 スクリーンショット
【後】E032 スクリーンショット
TC-S002	現物売	銘柄検索	銘柄検索からの売付起動	E041／E042	・ログイン済み
・現物売メニューを選択	1. 銘柄検索入力（E041）を表示する
2. 銘柄コードを入力して検索する
3. 銘柄検索結果（E042）から銘柄を選択する
4. 売付注文入力（E032）に遷移することを確認する	・E042 に保有銘柄が表示される
・銘柄選択後 E032 に遷移する	【前】E041 スクリーンショット
【後】E042 スクリーンショット
TC-S003	現物売	注文入力	売付注文入力（指値）	E032／E033	・ログイン済み
・売付対象銘柄選択済み	1. 売付注文入力（E032）を表示する
2. 注文種別「指値」・数量・価格を入力する
3. 確認ボタンをクリックする	・売却可能数量が正しく表示される
・E033（売付注文確認）に正常遷移する
・入力内容が確認画面に引き継がれる	【前】E032 スクリーンショット
【後】E033 スクリーンショット
TC-S004	現物売	注文入力	保有数量超過の売付注文（異常系）	E032	・ログイン済み
・売付対象銘柄選択済み	1. 売付注文入力（E032）を表示する
2. 保有数量を超える数量を入力して確認ボタンをクリックする	・「売却可能数量を超えています」等のエラーメッセージが表示される
・E032 にとどまる	【後】エラーメッセージスクリーンショット
TC-S005	現物売	注文確認	売付注文確認→発注→完了	E033→E034	・E033 が表示されている	1. 注文内容を確認する
2. 発注ボタンをクリックする
3. 売付注文完了（E034）が表示されることを確認する	・E034 に注文受付番号が表示される
・注文照会（E011）へのリンクが機能する	【前】E033 スクリーンショット
【後】E034 スクリーンショット・サーバーログ
TC-S006	現物売	MRP	MRP確認画面省略モードで売付注文	EMRP032／EMRP033／EMRP034	・ログイン済み
・MRP 利用設定あり	1. EMRP032（売付注文入力MRP）を表示する
2. 注文内容を入力して直接発注する	・EMRP034（完了）に遷移する
・受付番号が表示される	【後】EMRP034 スクリーンショット
テストID	大分類	中分類	テストケース名	対象画面ID	前提条件	テスト手順	期待結果	証跡タイミング
TC-M001	信用新規	注文入力	信用新規注文入力（一般顧客・指値）	E043／E044	・ログイン済み
・信用口座開設済み
・信用新規余力あり	1. 信用新規注文入力（E043）を表示する
2. 銘柄・注文種別「指値」・数量・価格・信用取引区分（制度/一般）を入力する
3. 確認ボタンをクリックする	・E043 が正常表示される（信用余力額・銘柄情報含む）
・E044（新規注文確認）に入力内容が正しく引き継がれる	【前】E043 スクリーンショット
【後】E044 スクリーンショット
TC-M002	信用新規	注文確認	信用新規注文確認→発注→完了	E044→E045	・E044 が表示されている	1. 注文内容を確認する
2. 発注ボタンをクリックする
3. 新規注文完了（E045）が表示されることを確認する	・E045 に注文受付番号が表示される
・建玉一覧（E051）へのリンクが機能する	【前】E044 スクリーンショット
【後】E045 スクリーンショット・サーバーログ
TC-M003	信用新規	大口顧客	信用新規注文入力（大口顧客）	E043mc	・ログイン済み（大口顧客アカウント）
・信用口座開設済み	1. 信用新規注文入力（大口）E043mc を表示する
2. 注文内容を入力して発注する	・大口顧客専用画面が表示される
・一般顧客向けと異なるUI要素が確認できる	【前】E043mc スクリーンショット
【後】完了画面スクリーンショット
TC-M004	信用新規	MRP	MRP確認画面省略モードで信用新規注文	EMRP043／EMRP044／EMRP045	・ログイン済み
・MRP 利用・確認画面省略設定あり	1. EMRP043（信用新規注文入力MRP）を表示する
2. 確認画面省略で発注する	・EMRP045（完了）に遷移する	【後】EMRP045 スクリーンショット
TC-M005	信用新規	条件付注文	条件付注文（信用新規）の発注	ETK162A／ETK162B／ETK162D	・ログイン済み
・信用口座開設済み	1. ETK162A を表示して条件を設定し発注する	・ETK162D（完了）に遷移する
・E011 に「条件付」注文として表示される	【後】ETK162D スクリーンショット
テストID	大分類	中分類	テストケース名	対象画面ID	前提条件	テスト手順	期待結果	証跡タイミング
TC-R001	信用返済	建玉一覧	建玉一覧の表示と返済起動	E051→E052	・ログイン済み
・信用建玉が1件以上存在する	1. 建玉一覧（E051）を表示する
2. 建玉数量・評価損益・期限が正しく表示されることを確認する
3. 任意の建玉の「返済」をクリックする
4. 信用返済注文入力（E052）に遷移することを確認する	・E051 が正常表示される（建玉データ含む）
・「返済」クリックで E052 に遷移する	【前】E051 スクリーンショット
【後】E052 スクリーンショット
TC-R002	信用返済	建玉一覧	自動決済建玉一覧の表示	E051A	・ログイン済み
・自動決済対象建玉が存在する	1. 自動決済建玉一覧（E051A）を表示する
2. 自動決済対象の建玉が一覧表示されることを確認する	・E051A が正常表示される
・自動決済フラグが正しく表示される	【前・後】E051A スクリーンショット
TC-R003	信用返済	注文入力	信用返済注文入力（転売）と確認	E052→E053	・ログイン済み
・返済対象建玉選択済み	1. 返済注文入力（E052）を表示する
2. 返済方法「転売（売）」を選択する
3. 数量・価格を入力して確認ボタンをクリックする	・返済対象建玉情報が正しく表示される
・E053（返済注文確認）に正常遷移する	【前】E052 スクリーンショット
【後】E053 スクリーンショット
TC-R004	信用返済	注文確認	信用返済注文確認→発注→完了	E053→E054	・E053 が表示されている	1. 注文内容を確認する
2. 発注ボタンをクリックする
3. 返済注文完了（E054）を確認する	・E054 に受付番号が表示される
・「株価を確認」リンクが機能する	【後】E054 スクリーンショット・サーバーログ
TC-R005	信用返済	MRP中止	MRP返済確認画面の中止ボタン動作	EMRP052→EMRP051	・EMRP052（返済注文確認MRP）が表示されている	1. 「中止」ボタンをクリックする	・建玉一覧MRP（EMRP051）に遷移する（SYSRELEASE-13241 対応確認）	【後】EMRP051 表示スクリーンショット・URLパス確認
TC-R006	信用返済	大口顧客	信用返済注文入力（大口顧客）	E052mc	・ログイン済み（大口顧客アカウント）	1. E052mc を表示して返済注文を入力・発注する	・大口顧客専用画面が表示される
・正常に完了画面に遷移する	【後】完了画面スクリーンショット
TC-R007	信用返済	条件付注文	条件付注文（信用返済）の発注	ETK163A／ETK163B／ETK163D	・ログイン済み
・信用建玉が存在する	1. ETK163A を表示して条件を設定し発注する	・ETK163D（完了）に遷移する	【後】ETK163D スクリーンショット
TC-R008	信用返済	連続返済	信用建玉集計からの一括返済	E101	・ログイン済み
・複数の信用建玉が存在する	1. 信用建玉集計（E101）を表示する
2. 建玉集計情報が正しく表示されることを確認する	・E101 が正常表示される
・建玉集計データが取得できている	【前・後】E101 スクリーンショット
テストID	大分類	中分類	テストケース名	対象画面ID	前提条件	テスト手順	期待結果	証跡タイミング
TC-I001	注文照会	注文照会	注文照会画面の表示と注文ステータス確認	E011	・ログイン済み
・当日注文が1件以上存在する	1. 注文照会（E011）を表示する
2. 注文一覧が表示されることを確認する
3. ステータス（受付/約定中/約定済/取消済）が正しく表示されることを確認する
4. 注文番号リンクをクリックして約定明細（L151/L152）に遷移することを確認する	・E011 が正常表示される（URL・タイトル確認）
・各注文の状態が正しく表示される
・注文番号クリックで約定明細に遷移できる	【前】E011 スクリーンショット
【後】L151/L152 遷移確認スクリーンショット
TC-I002	注文照会	発注履歴	発注履歴の表示と日付絞り込み	E012A	・ログイン済み
・過去の注文履歴が存在する	1. 発注履歴（E012A）を表示する
2. 過去注文一覧が表示されることを確認する
3. 日付範囲を指定して絞り込みを行う	・E012A が正常表示される
・日付・銘柄・注文種別・約定状況が表示される	【前】E012A スクリーンショット
【後】絞り込み後スクリーンショット
TC-I003	注文照会	注文訂正（現物）	現物注文訂正入力・確認・完了	E012B→E013Ba→E013B	・ログイン済み
・訂正可能な現物注文（未約定）が存在する	1. E011 から訂正対象注文を選択し E012B を表示する
2. 価格または数量を変更する
3. 確認ボタン→E013Ba（訂正確認）を確認する
4. 訂正完了（E013B）が表示されることを確認する	・訂正可能な項目のみ編集できる
・E013B 表示後、E011 で変更内容が反映される	【前】E012B スクリーンショット
【後】E013B スクリーンショット・E011 での反映確認
TC-I004	注文照会	注文訂正（信用新規）	信用新規注文訂正	E012C→E013Ca→E013C	・ログイン済み
・訂正可能な信用新規注文が存在する	1. E012C（注文訂正取消入力・信用新規）を表示する
2. 価格を変更して確認する
3. E013C（完了）が表示されることを確認する	・E013C が表示される
・E011 で変更後の注文内容が表示される	【後】E013C スクリーンショット
TC-I005	注文照会	注文訂正（信用返済）	信用返済注文訂正	E012D→E013Da→E013D	・ログイン済み
・訂正可能な信用返済注文が存在する	1. E012D を表示して価格を変更する
2. E013D（完了）が表示されることを確認する	・E013D が表示される	【後】E013D スクリーンショット
TC-I006	注文照会	注文取消（現物）	現物注文取消	E012B→E013B	・ログイン済み
・取消可能な現物注文（未約定）が存在する	1. E012B で取消を選択する
2. 取消ボタンをクリックする
3. E013B（取消完了）が表示されることを確認する	・E013B が表示される
・E011 で状態が「取消済」になる	【後】E013B スクリーンショット・E011 確認スクリーンショット
TC-I007	注文照会	注文取消（現引現渡）	現引現渡注文取消	E012E→E013E	・ログイン済み
・取消可能な現引現渡注文が存在する	1. E012E を表示して取消ボタンをクリックする
2. E013E（完了）が表示されることを確認する	・E013E が表示される	【後】E013E スクリーンショット
TC-I008	注文照会	約定済み注文の取消試行（異常系）	約定済み注文への取消操作	E011	・ログイン済み
・約定済み注文が存在する	1. E011 で約定済み注文を表示する
2. 取消リンクが表示されていないことを確認する	・約定済み注文に取消ボタン/リンクが表示されない
・強制的に取消 URL にアクセスした場合はエラー画面が表示される	【後】E011 スクリーンショット（取消ボタン非表示確認）
TC-I009	注文照会	一括訂正取消	一括注文訂正・取消照会の操作	E014→E016A→E016B	・ログイン済み
・未約定注文が複数件存在する	1. 一括注文訂正・取消照会（E014）を表示する
2. 複数注文にチェックを入れる
3. 一括取消ボタンをクリックする
4. E016A（一括取消確認）→E016B（完了）の遷移を確認する	・複数注文を一括で取消できる
・注文番号のリンクから E012A（発注履歴）に遷移できる	【前】E014 スクリーンショット
【後】E016B スクリーンショット
TC-I010	注文照会	一括訂正	一括注文訂正の操作	E014→E015A→E015B→E015C	・ログイン済み
・訂正可能な注文が複数件存在する	1. E014 から複数注文を選択し E015A（一括訂正入力）を表示する
2. 価格を一括変更する
3. E015B（確認）→E015C（完了）の遷移を確認する	・複数注文の価格が一括で訂正できる	【後】E015C スクリーンショット
TC-I011	注文照会	指定建玉一覧	指定建玉一覧の表示	E012G	・ログイン済み
・指定建玉が存在する	1. 指定建玉一覧（E012G）を表示する	・E012G が正常表示される	【後】E012G スクリーンショット
TC-I012	注文照会	MRP注文照会	MRP注文照会の表示	EMRP011	・ログイン済み
・MRP 利用設定あり	1. EMRP011（株式注文照会MRP）を表示する
2. 注文一覧が正しく表示されることを確認する	・EMRP011 が正常表示される	【後】EMRP011 スクリーンショット
テストID	大分類	中分類	テストケース名	対象画面ID	前提条件	テスト手順	期待結果	証跡タイミング
TC-U001	単元未満株	売却注文	単元未満株売却注文入力と確認	E031→E072→E073	・ログイン済み
・単元未満株保有あり	1. 保有銘柄一覧（E031）から単元未満株の「売る」をクリックする
2. 単元未満株売却注文入力（E072）が表示されることを確認する
3. 売却数量を入力して確認ボタンをクリックする
4. E073（確認）に遷移することを確認する	・E072 が正常表示される（売却可能数量含む）
・E073 に入力内容が引き継がれる	【前】E072 スクリーンショット
【後】E073 スクリーンショット
TC-U002	単元未満株	売却中止	単元未満株売却確認→中止→保有銘柄一覧戻り	E073→E031	・E073 が表示されている	1. E073（単元未満株売却注文確認）で「中止」ボタンをクリックする	・保有銘柄一覧（E031）に戻る	【後】E031 表示確認スクリーンショット・URLパス確認
TC-U003	単元未満株	売却完了	単元未満株売却注文完了	E073→E074	・E073 が表示されている	1. 発注ボタンをクリックする
2. 単元未満株売却注文完了（E074）が表示されることを確認する	・E074 に受付番号が表示される	【後】E074 スクリーンショット
TC-U004	単元未満株	注文取消	単元未満株注文取消	E012I→E013I	・ログイン済み
・単元未満株注文（取消可能）が存在する	1. E012I（注文取消入力・単元未満株）を表示する
2. 取消ボタンをクリックする
3. E013I（完了）が表示されることを確認する	・E013I が正常表示される	【後】E013I スクリーンショット
TC-U005	単元未満株	一覧表示	単元未満株式一覧の表示	E071	・ログイン済み	1. 単元未満株式一覧（E071）を表示する	・E071 が正常表示される	【後】E071 スクリーンショット
テストID	大分類	中分類	テストケース名	対象画面ID	前提条件	テスト手順	期待結果	証跡タイミング
TC-D001	立会外分売	銘柄一覧	立会外分売取扱銘柄一覧の表示	ETK009→E061	・ログイン済み
・立会外分売取扱銘柄が存在する	1. 立会外分売トップページ（ETK009）を表示する
2. 取扱銘柄一覧（E061）に遷移することを確認する
3. 各銘柄の分売情報（期間・価格・数量）が表示されることを確認する	・E061 が正常表示される
・過去取扱銘柄一覧（E061B）に遷移できる	【前】ETK009 スクリーンショット
【後】E061 スクリーンショット
TC-D002	立会外分売	注文	立会外分売注文の入力→確認→完了	E062→E063→E064	・ログイン済み
・立会外分売受付期間中	1. 立会外分売注文入力（E062）を表示する
2. 申込数量を入力する
3. E063（確認）→E064（完了）の遷移を確認する	・E064 に注文番号が表示される	【前】E062 スクリーンショット
【後】E064 スクリーンショット
TC-D003	立会外分売	訂正取消	立会外分売注文訂正取消	E012F→E013Fa→E013F	・ログイン済み
・立会外分売注文（訂正取消可能）が存在する	1. E012F を表示する
2. 訂正内容を入力して E013Fa（確認）を確認する
3. E013F（完了）が表示されることを確認する	・E013F が正常表示される	【後】E013F スクリーンショット
TC-D004	立会外分売	受付期間外注文（異常系）	立会外分売受付期間外の注文試行	E062	・ログイン済み
・立会外分売受付期間外	1. E062 へのアクセスを試みる	・「受付期間外です」等のメッセージが表示される
・注文入力フォームが非活性または非表示になっている	【後】エラー画面スクリーンショット
テストID	大分類	中分類	テストケース名	対象画面ID	前提条件	テスト手順	期待結果	証跡タイミング
TC-IP001	IPO/PO	需要申告（新規公開）	IPO需要申告入力→確認→完了	E082A→E083A→E084A	・ログイン済み
・IPO 需要申告受付期間中の銘柄が存在する	1. 需要申告入力（E082A）を表示する
2. 申告内容を入力する
3. E083A（確認）→E084A（完了）の遷移を確認する	・E084A が正常表示される
・申告内容が正しく引き継がれる	【前】E082A スクリーンショット
【後】E084A スクリーンショット
TC-IP002	IPO/PO	要承認（新規公開）	需要申告要承認項目表示→中止→入力画面戻り	E084Aa→E082A	・E084Aa（要承認項目表示）が表示されている	1. 「中止」ボタンをクリックする	・E082A（需要申告入力）に戻る	【後】E082A 表示確認・URLパス確認スクリーンショット
TC-IP003	IPO/PO	需要申告（募集・売出）	PO需要申告入力→確認→完了	E082B→E083B→E084B	・ログイン済み
・PO 受付期間中の銘柄が存在する	1. E082B を表示して申告内容を入力する
2. E083B→E084B の遷移を確認する	・E084B が正常表示される	【前】E082B スクリーンショット
【後】E084B スクリーンショット
TC-IP004	IPO/PO	需要申告取消	需要申告取消（新規公開）	E082D→E083D	・ログイン済み
・申告済み IPO 銘柄が存在する	1. E082D（需要申告取消確認・新規公開）を表示する
2. 取消ボタンをクリックする
3. E083D（完了）が表示されることを確認する	・E083D が正常表示される	【後】E083D スクリーンショット
TC-IP005	IPO/PO	購入申込	IPO購入申込入力→要承認→申込完了	E092A→E094Aa→E094A	・ログイン済み
・IPO 当選済み・購入申込受付期間中	1. 購入申込入力（E092A）を表示する
2. 申込数量を入力する
3. 要承認項目表示（E094Aa）が表示される場合、確認する
4. 「中止」ボタンの遷移先が E092A であることを確認する	・E094Aa の「中止」クリックで E092A に戻る
・未閲読書面がある場合は K241（未閲読書面一覧）に遷移する	【前】E092A スクリーンショット
【後】E094A スクリーンショット
TC-IP006	IPO/PO	購入申込辞退	購入申込辞退	E092B→E093B	・ログイン済み
・購入申込可能	1. E092B（購入申込辞退確認）を表示して辞退操作を行う
2. E093B（辞退完了）が表示されることを確認する	・E093B が正常表示される	【後】E093B スクリーンショット
TC-IP007	IPO/PO	銘柄詳細	IPO銘柄詳細情報の表示	E086	・ログイン済み	1. 需要申告入力から「銘柄詳細」リンクをクリックする
2. E086（銘柄詳細情報）が表示されることを確認する	・E086 が正常表示される（目論見書等の情報含む）	【後】E086 スクリーンショット
TC-IP008	IPO/PO	申告状況照会	需要申告・購入申込状況照会	E091	・ログイン済み	1. E091（需要申告・購入申込状況）を表示する	・E091 が正常表示される	【後】E091 スクリーンショット
テストID	大分類	中分類	テストケース名	対象画面ID	前提条件	テスト手順	期待結果	証跡タイミング
TC-C001	連続注文	指示	連続注文指示画面の表示と遷移	ETK164A	・ログイン済み
・連続注文利用設定あり	1. 連続注文指示（ETK164A）を表示する
2. 親注文の状態リンクから約定明細（L151/L152）に遷移できることを確認する	・ETK164A が正常表示される
・L151/L152 への遷移が機能する	【前】ETK164A スクリーンショット
【後】遷移先確認スクリーンショット
TC-C002	連続注文	現物買	連続注文現物買付の発注	ETK165A→ETK165B→ETK165D	・ログイン済み
・連続注文利用設定あり	1. ETK165A（連続注文買付注文入力）を表示する
2. 注文内容を入力して発注する
3. ETK165D（完了）が表示されることを確認する	・ETK165D が正常表示される	【後】ETK165D スクリーンショット
TC-C003	連続注文	現物売	連続注文現物売付の発注	ETK166A→ETK166B→ETK166D	・ログイン済み	1. ETK166A を表示して発注する	・ETK166D が正常表示される	【後】ETK166D スクリーンショット
TC-C004	連続注文	信用新規	連続注文信用新規の発注	ETK167A→ETK167B→ETK167D	・ログイン済み
・信用口座開設済み	1. ETK167A を表示して発注する	・ETK167D が正常表示される	【後】ETK167D スクリーンショット
TC-C005	連続注文	信用返済	連続注文信用返済の発注	ETK169A→ETK169B→ETK169D	・ログイン済み
・信用建玉が存在する	1. ETK169A を表示して返済注文を入力・発注する	・ETK169D が正常表示される	【後】ETK169D スクリーンショット
TC-C006	連続注文	一覧	連続注文一覧の表示	ETK173A	・ログイン済み
・連続注文が存在する	1. ETK173A（連続注文一覧）を表示する
2. E011（注文照会）への遷移を確認する	・ETK173A が正常表示される
・E011 への遷移が機能する	【後】ETK173A スクリーンショット
TC-C007	連続注文	現引	連続注文現引の発注	ETK171A→ETK171B→ETK171D	・ログイン済み
・信用建玉（現引対象）が存在する	1. ETK171A を表示して現引注文を発注する	・ETK171D が正常表示される	【後】ETK171D スクリーンショット
TC-C008	連続注文	現渡	連続注文現渡の発注	ETK172A→ETK172B→ETK172D	・ログイン済み
・信用建玉（現渡対象）が存在する	1. ETK172A を表示して現渡注文を発注する	・ETK172D が正常表示される	【後】ETK172D スクリーンショット
テストID	大分類	中分類	テストケース名	対象画面ID	前提条件	テスト手順	期待結果	証跡タイミング
TC-RV001	リバース注文	信用新規	リバース注文信用新規の発注	ETK176A→ETK176B→ETK176D	・ログイン済み
・信用口座開設済み	1. ETK176A を表示して発注する	・ETK176D が正常表示される	【後】ETK176D スクリーンショット
TC-RV002	リバース注文	現物売	リバース注文現物売の発注	ETK175A→ETK175B→ETK175D	・ログイン済み	1. ETK175A を表示して発注する	・ETK175D が正常表示される	【後】ETK175D スクリーンショット
テストID	大分類	中分類	テストケース名	対象画面ID	前提条件	テスト手順	期待結果	証跡タイミング
TC-BK001	一括訂正取消	照会	一括注文訂正・取消照会の表示	ETK158A	・ログイン済み
・未約定注文が存在する	1. ETK158A（一括注文訂正・取消照会）を表示する	・ETK158A が正常表示される	【後】ETK158A スクリーンショット
TC-BK002	一括訂正取消	一括訂正	一括注文訂正の操作	ETK158B→ETK158Ca→ETK158D	・ログイン済み
・訂正可能注文が複数件存在する	1. ETK158A から訂正対象を選択し ETK158B（一括注文訂正入力）を表示する
2. 価格を変更して ETK158Ca（確認）→ETK158D（完了）の遷移を確認する	・ETK158D が正常表示される	【後】ETK158D スクリーンショット
TC-BK003	一括訂正取消	一括取消	一括注文取消の操作	ETK158Cb→ETK158D	・ログイン済み
・取消可能注文が複数件存在する	1. ETK158A から取消対象を選択し ETK158Cb（一括注文取消確認）を表示する
2. 取消ボタンをクリックして ETK158D（完了）を確認する	・ETK158D が正常表示される	【後】ETK158D スクリーンショット
テストID	大分類	中分類	テストケース名	対象画面ID	前提条件	テスト手順	期待結果	証跡タイミング
TC-W001	新株予約権	一覧	新株予約権割当一覧の表示	E141	・ログイン済み
・新株予約権が割当されている	1. E141（新株予約権割当一覧）を表示する	・E141 が正常表示される	【後】E141 スクリーンショット
TC-W002	新株予約権	権利行使請求	権利行使請求の入力→確認→完了	E142→E143→E144	・ログイン済み
・権利行使可能な新株予約権が存在する	1. E142（権利行使請求入力）を表示する
2. 行使内容を入力して確認ボタンをクリックする
3. E143（確認）→E144（完了）の遷移を確認する	・E144 が正常表示される	【前】E142 スクリーンショット
【後】E144 スクリーンショット
TC-W003	新株予約権	照会・取消	権利行使請求照会と取消	E148→E149→E150→E151	・ログイン済み
・権利行使請求済みの記録が存在する	1. E148（権利行使請求照会）を表示する
2. 任意の請求を選択して E149（詳細）を表示する
3. E150（取消確認）→E151（取消完了）の遷移を確認する	・E151 が正常表示される	【後】E151 スクリーンショット
テストID	大分類	中分類	テストケース名	対象画面ID	前提条件	テスト手順	期待結果	証跡タイミング
TC-PF001	ポートフォリオ	一覧	ポートフォリオ一覧の表示	E111	・ログイン済み	1. ポートフォリオ一覧（E111）を表示する	・E111 が正常表示される	【後】E111 スクリーンショット
TC-PF002	ポートフォリオ	銘柄登録	ポートフォリオ銘柄登録	E112A→E113A	・ログイン済み	1. E112A（銘柄登録）を表示する
2. E113A（銘柄検索結果）から銘柄を選択して登録する	・登録後 E111 に新しい銘柄が表示される	【後】E111 スクリーンショット
TC-PF003	ポートフォリオ	銘柄訂正	ポートフォリオ銘柄訂正	E112C	・ログイン済み
・ポートフォリオに銘柄が登録済み	1. E112C（銘柄訂正）を表示して訂正する	・訂正内容が E111 に反映される	【後】E111 スクリーンショット
テストID	大分類	中分類	テストケース名	対象画面ID	前提条件	テスト手順	期待結果	証跡タイミング
TC-CR001	信用規制	公的規制	信用取引公的規制銘柄の表示	E154	・ログイン済み	1. E154（信用取引 公的規制銘柄）を表示する	・E154 が正常表示される	【後】E154 スクリーンショット
TC-CR002	信用規制	社内規制	信用取引社内規制銘柄の表示	E155	・ログイン済み	1. E155（社内規制銘柄）を表示する	・E155 が正常表示される	【後】E155 スクリーンショット
TC-CR003	信用規制	規制履歴	信用取引規制銘柄履歴の表示	E156	・ログイン済み	1. E156（規制銘柄履歴）を表示する	・E156 が正常表示される	【後】E156 スクリーンショット
TC-CR004	信用規制	逆日歩	逆日歩銘柄の表示	E157	・ログイン済み	1. E157（逆日歩銘柄）を表示する	・E157 が正常表示される	【後】E157 スクリーンショット
TC-CR005	信用規制	規制銘柄注文警告	信用規制対象銘柄への注文時警告	E043	・ログイン済み
・信用規制対象銘柄が存在する	1. 信用規制対象銘柄の信用新規注文入力（E043）を表示する
2. 注文を入力して確認ボタンをクリックする	・規制中であることの警告メッセージが表示される	【後】警告メッセージスクリーンショット
TC-CR006	信用規制	取引注意銘柄	取引注意銘柄情報の表示	E152	・ログイン済み	1. E152（取引注意銘柄情報）を表示する	・E152 が正常表示される	【後】E152 スクリーンショット
テストID	大分類	中分類	テストケース名	対象画面ID	前提条件	テスト手順	期待結果	証跡タイミング
TC-E001	異常系	入力バリデーション	注文入力画面の入力バリデーションエラー	E023／E032	・ログイン済み
・注文入力画面が表示されている	1. 株数に「0」を入力して確認ボタンをクリックする
2. 株数に「-1」を入力して確認ボタンをクリックする
3. 指値注文で価格を空欄のまま確認ボタンをクリックする	・各ケースで適切なエラーメッセージが日本語で表示される
・入力画面にとどまる
・確認画面には遷移しない	【後】各エラーメッセージのスクリーンショット
TC-E002	異常系	セッション	セッションタイムアウト時の動作	全画面共通	・ログイン済み
・一定時間操作なし	1. ログイン後、一定時間操作を行わない
2. 任意の操作（注文発注等）を行う	・ログイン画面にリダイレクトされる
・タイムアウトメッセージが表示される	【後】ログイン画面リダイレクト確認スクリーンショット
TC-E003	異常系	システムエラー	バックエンドエラー時の画面表示	全画面共通	・バックエンドエラー発生条件を再現できる環境	1. エラーが発生する操作を実施する
2. エラー画面の表示を確認する	・ユーザーフレンドリーなエラーメッセージが表示される
・スタックトレース等の内部情報がフロントに露出しない	【後】エラー画面スクリーンショット
TC-E004	異常系	廃止画面	廃止画面（E012H）への直接アクセス	E012H	・ログイン済み	1. 廃止画面（週間発注履歴 E012H）の URL に直接アクセスする	・適切にリダイレクトされる、または「ページが見つかりません」等のエラーが表示される	【後】エラー/リダイレクト画面スクリーンショット
TC-E005	異常系	未ログイン	未ログイン状態での株式取引画面アクセス	ETK001	・未ログイン状態	1. 株式取引トップ（ETK001）の URL に直接アクセスする	・ログイン画面にリダイレクトされる	【後】リダイレクト確認スクリーンショット
TC-E006	異常系	ブラウザバック	注文完了後のブラウザバックによる二重注文防止	E025	・買付注文完了（E025）が表示されている	1. ブラウザの「戻る」ボタンを押す
2. E024（確認画面）に戻った場合、再度発注ボタンをクリックする	・二重注文が発生しない
・「既に処理済みです」等のメッセージが表示される	【後】エラーメッセージスクリーンショット
TC-E007	異常系	CSRF	CSRFトークンなし/不正でのPOSTリクエスト	E024（発注）	・ログイン済み	1. CSRF トークンを除去または改ざんした状態で発注リクエストを送信する	・リクエストが拒否される
・エラーメッセージが表示される	【後】エラーレスポンス確認
シナリオID	シナリオ名	使用アカウント	テスト手順	期待結果	証跡タイミング	検証箇所（URL・要素）
E2E-001	現物買注文の完全フロー	Account-A	1. ETK001（株式取引トップ）にアクセスしてログインする
2. E021（銘柄検索入力）から銘柄コード「7203」を検索する
3. E022（銘柄検索結果）から「トヨタ自動車」を選択する
4. E023（買付注文入力）で指値・100株・価格2000円・特定口座を入力して確認する
5. E024（買付注文確認）で発注する
6. E025（買付注文完了）の注文受付番号を記録する
7. E011（注文照会）で注文が「受付」状態であることを確認する	・各画面が正常に遷移する
・E025 に注文受付番号が表示される
・E011 に発注した注文が正しく表示される	【各画面遷移時】スクリーンショット
【E025 表示後】受付番号を含むスクリーンショット
【E011 確認後】注文一覧スクリーンショット	ETK001: `/stock/top`
E023 タイトル「買付注文入力」・買付可能額要素
E024 タイトル「買付注文確認」・注文内容テーブル
E025 受付番号要素
E011 注文一覧テーブル
E2E-002	信用新規→建玉確認→返済の一連フロー	Account-B	1. E043（信用新規注文入力）で銘柄・成行・100株・制度信用を入力して発注する
2. E045（新規注文完了）の受付番号を記録する
3. E051（建玉一覧）で新規建玉が表示されることを確認する
4. 建玉の「返済」から E052（信用返済注文入力）を表示する
5. 転売・成行で発注する
6. E054（返済注文完了）の受付番号を記録する	・E043→E044→E045 の遷移が正常
・E051 に建玉が表示される
・E052→E053→E054 の遷移が正常	【E043・E052 入力前】前提状態スクリーンショット
【E045 表示後】新規完了スクリーンショット
【E051 確認後】建玉一覧スクリーンショット
【E054 表示後】返済完了スクリーンショット	E043 信用余力額要素
E051 建玉一覧テーブル・損益カラム
E054 受付番号要素
E2E-003	一括注文取消フロー	Account-C	1. E023 で3件の買付注文（指値・未約定）を発注する
2. ETK158A（一括注文訂正・取消照会）を表示する
3. 3件すべてにチェックを入れて一括取消する
4. ETK158D（完了）を確認する
5. E011（注文照会）で3件が「取消済」になっていることを確認する	・ETK158D が正常表示される
・E011 で3件すべてが「取消済」	【ETK158A 選択前】スクリーンショット
【ETK158D 表示後】スクリーンショット
【E011 確認後】スクリーンショット	ETK158A 注文一覧チェックボックス要素
ETK158D 完了メッセージ要素
E011 ステータス「取消済」カラム
E2E-004	IPO需要申告→購入申込フロー	Account-A	1. E082A（需要申告入力・新規公開）で申告内容を入力する
2. E083A（確認）→E084A（完了）の遷移を確認する
3. E091（申告・申込状況）で申告状況を確認する
4. 購入申込受付開始後、E092A（購入申込入力）で申込する
5. E094A（購入申込完了）を確認する	・E084A に申告完了が表示される
・E091 で申告済みステータスが表示される
・E094A に申込完了が表示される	【E082A 入力前】スクリーンショット
【E084A 表示後】スクリーンショット
【E091 確認後】スクリーンショット
【E094A 表示後】スクリーンショット	E084A 完了メッセージ要素
E091 申告状況テーブル
E094A 受付番号要素
E2E-005	連続注文フロー（現物買→現物売）	Account-B	1. ETK164A（連続注文指示）から連続注文を作成する
2. ETK165A（連続注文買付注文入力）で現物買注文を設定する
3. ETK165D（完了）を確認する
4. ETK173A（連続注文一覧）で親注文・子注文の関係を確認する	・各完了画面が正常表示される
・ETK173A で親注文・子注文の状態が正しく表示される	【ETK164A 表示後】スクリーンショット
【ETK165D 表示後】スクリーンショット
【ETK173A 確認後】スクリーンショット	ETK164A の親注文指示フォーム要素
ETK173A の連続注文状態テーブル
画面ID	画面名	理由
E012H	週間発注履歴	廃止
E0550	信用取引メニュー	廃止
HTK001	外国株トップ	廃止（米株リプレイス対応）
タイミング	証跡内容
テスト環境セットアップ後	テスト環境の URL・バージョン情報スクリーンショット
各テストケース開始前	前提条件の状態（ログイン・残高・建玉等）スクリーンショット
注文発注操作直後	完了画面（受付番号含む）スクリーンショット
エラー発生時	エラーメッセージ表示のスクリーンショット
E2E シナリオの各画面遷移時	画面タイトル・URL・主要要素が確認できるスクリーンショット
テスト完了後	注文照会（E011）等で最終状態確認のスクリーンショット
サーバー処理が伴う操作後	サーバーアクセスログ（注文受付番号・タイムスタンプ）